customer_id,customer_name,signup_date
1,Elizabeth Davidson,2025-07-27
2,Eric Watson,2024-06-27
3,Brittany Kidd,2025-05-27
4,Johnathan Stevenson,2024-05-12
5,Larry Shepherd,2023-12-22
6,Brian Cole,2024-06-02
7,Andrea Torres,2024-10-14
8,Renee Hall,2024-08-26
9,Kimberly Combs,2024-01-15
10,Diana Decker,2024-08-05
11,Jeremy Pace,2025-04-29
12,David Shelton,2023-11-03
13,Amanda Jones,2024-08-14
14,Ian Lucas,2024-09-24
15,Erin Mcdowell,2024-01-05
16,Christopher Jackson,2024-11-30
17,John Harris,2024-08-03
18,Jesse Henderson,2024-03-07
19,Richard Morse,2025-01-12
20,Michelle Cook,2023-11-09
21,Mary Jarvis,2025-02-17
22,Candice Wright,2024-07-02
23,Kenneth Anthony,2024-10-30
24,Michael Brown,2024-04-23
25,David Fowler,2024-05-26
26,Timothy Rodriguez,2024-04-08
27,Joshua Moon,2025-06-27
28,Joseph Fields,2025-07-11
29,Jacob Smith,2024-01-29
30,Amanda Garcia,2023-11-22
31,Elizabeth Gonzalez,2025-03-25
32,Anthony James,2024-10-23
33,Christina Hill,2024-12-23
34,Thomas Pham,2025-07-14
35,Steven Daniel,2024-10-03
36,Ariana Nelson,2025-01-10
37,Ashley Odom,2025-02-12
38,Sharon Riley DDS,2023-11-29
39,Alexander Clark,2024-01-31
40,Aaron Harvey,2024-10-25
41,Laura Brown,2024-12-30
42,Rebecca Skinner,2024-06-24
43,Sandra Armstrong,2024-04-21
44,Samantha Davis,2024-11-23
45,Audrey Martin,2023-11-24
46,John Brown,2024-10-05
47,Donna Wilson,2025-04-14
48,William Beck,2024-05-10
49,John Johnson,2024-06-02
50,Francisco Molina,2024-12-08
51,Amber Franklin,2023-10-20
52,Jennifer Wilson,2025-06-13
53,Tina Gates,2023-12-01
54,Mary Diaz,2025-03-12
55,Jim Holland,2025-09-11
56,Andre Crawford,2025-06-16
57,Alyssa Gonzalez,2025-07-28
58,Jamie King,2025-01-03
59,Edward Bradley,2025-03-17
60,Brian Taylor,2024-04-09
61,Deborah Burke,2025-08-02
62,Angela Harris,2024-11-21
63,Douglas Rivas MD,2024-10-17
64,Daniel Austin,2023-11-17
65,Lawrence Beck,2024-05-01
66,Madeline Benitez,2024-11-17
67,Brandon Parks,2025-05-11
68,John Wilson,2024-05-13
69,Ashley Anderson,2024-03-03
70,Sarah Evans,2024-11-03
71,Lori Jones,2025-01-21
72,Peter Perry,2024-10-27
73,Eric Holden,2025-07-13
74,Nicholas Bonilla,2024-03-21
75,Amber Hughes,2025-01-29
76,Steven Sherman,2025-09-05
77,Christopher Arnold,2024-12-06
78,Thomas Sutton,2025-04-20
79,Christopher White,2023-12-10
80,Rachel Cruz,2024-06-28
81,Casey Moore,2023-10-30
82,Bonnie Summers,2025-06-30
83,Brandy Morrison,2023-11-02
84,Lisa Avila,2024-12-12
85,Christopher Donovan,2023-12-02
86,Nancy Elliott,2024-06-04
87,Tara Kelly,2024-03-02
88,Tristan Yang,2023-11-04
89,Patricia Brown,2025-05-15
90,Janice Lara,2024-10-05
91,Theodore Stanton MD,2025-03-22
92,Julia Ward,2023-10-02
93,Linda Martinez,2024-09-16
94,Kelly Smith,2025-04-30
95,Renee Reed,2024-02-23
96,Tammy Cochran,2024-10-26
97,Erica Estes,2024-08-13
98,Stanley Smith,2025-07-13
99,Benjamin Reilly,2023-10-17
100,Kelly Weaver,2025-07-30
101,Shane Kerr,2023-10-07
102,Jose Moore,2023-11-29
103,Tina Sheppard,2025-03-07
104,Samuel Lopez,2025-03-21
105,Courtney Colon,2024-06-16
106,Thomas Johnson,2024-04-11
107,Henry Collins,2024-03-10
108,Alexandra Hogan,2025-01-18
109,Chelsey Smith,2024-12-13
110,Melissa Brooks,2024-12-15
111,Stacey Garcia,2023-12-29
112,Michael Beasley,2024-04-11
113,Breanna Shannon,2024-05-10
114,Courtney Perry,2023-11-15
115,Tyler Hernandez,2024-01-29
116,Katherine Blanchard,2024-08-08
117,Kristin Wilson,2025-03-09
118,Amy Mcpherson,2024-02-29
119,Mr. Timothy Wright,2025-03-11
120,Samantha Turner,2024-10-04
121,Amanda Velez,2024-03-21
122,Amanda Rogers,2024-06-17
123,William Love,2025-09-03
124,Mr. Michael Gonzalez,2024-02-23
125,Kenneth Mcneil,2023-10-16
126,Christine Copeland,2024-09-01
127,Dana Castillo,2025-04-04
128,Robert Little,2025-04-01
129,John Luna,2025-04-21
130,Lisa Bailey,2024-08-01
131,Heather Green,2025-01-27
132,Catherine Holland,2024-01-19
133,Samuel Flores,2024-11-02
134,Tamara Chapman,2024-07-30
135,Charles Murray,2025-05-24
136,Kyle Higgins,2024-08-03
137,Aaron Garner,2024-12-24
138,Zachary Rivera,2024-06-10
139,Mary Perry MD,2025-05-12
140,Alexandria Davenport,2024-05-27
141,Todd Hall Jr.,2024-04-12
142,Mary Nichols,2025-04-04
143,Emily Jordan DVM,2025-04-10
144,Katrina Allison,2024-03-28
145,Jeffrey Jackson,2024-04-11
146,Jeffrey Hopkins,2023-12-18
147,Denise Anderson,2024-02-27
148,Jason Marshall,2023-09-23
149,Pamela Key,2023-11-22
150,Ian Foster,2025-02-17
151,Michael Ramirez,2025-07-31
152,Michelle Garcia,2025-09-14
153,Betty Jones,2025-07-29
154,Anne Hernandez,2024-06-17
155,Charles Green,2025-07-23
156,Amy Hawkins,2025-08-12
157,Mary Simpson,2025-01-20
158,Matthew Romero,2025-06-20
159,Alexander Thomas,2025-07-15
160,Robert Davis,2025-02-12
161,Timothy Perkins,2024-12-03
162,Alison Woodard,2025-08-28
163,Christopher White,2024-03-21
164,Michael Dunn,2024-03-31
165,Jeffrey Phillips,2024-07-31
166,Jodi Le,2024-01-09
167,Kara Wilson,2024-06-09
168,Daniel Hamilton,2023-09-26
169,Richard Hall,2023-12-15
170,Dawn Ray,2024-10-04
171,Nicholas Scott,2023-11-13
172,Ivan Bell,2025-01-18
173,Russell Torres,2024-05-03
174,Anthony Baker,2025-07-13
175,Jeremy Barron,2023-09-28
176,Beth Wilson,2025-05-28
177,Ann Mason,2025-01-03
178,Mark Gonzalez,2024-05-07
179,Michelle Smith,2025-05-15
180,Joshua Wells,2023-12-30
181,Lee Sparks,2023-10-02
182,Terri Fitzpatrick,2024-05-20
183,Eric Morgan,2023-11-03
184,Dale Miller,2023-10-31
185,Tiffany Burton,2024-12-05
186,Cynthia Clements,2024-10-31
187,Samuel Thompson,2024-10-23
188,Justin Griffin,2024-03-05
189,Joseph Freeman,2023-12-25
190,Robert Moore,2025-05-04
191,Candace Callahan,2024-03-19
192,Natalie Wilson,2024-06-24
193,Katherine Waters,2024-12-01
194,Brittany Bryan,2023-10-19
195,Chris Garza,2025-08-08
196,Renee Snyder,2025-04-20
197,Cheryl Turner,2025-08-17
198,Lori Woods,2024-09-21
199,Tara Rodriguez,2024-07-09
200,Kevin Lucas,2025-09-14
